ABAND,ABAND
ACETA,ACETA
ADHTP,ADHTP
ANTTB,ANTTB
ANTIB,ANTIB
ANBON,ANBON
ADIAP,ADIAP
ANFSK,ANFSK
BNDAD,BNDAD
BCTRL,BCTRL
BISUB,BISUB
CALML,CALML
COART,COART
CNDMS,CNDMS
CHDRP,CHDRP
DECON,DECON
DTLFL,DTLFL
DPHDM,DPHDM
EDROP,EDROP
GAUZL,GAUZL
GAUZS,GAUZS
HBCLN,HBCLN
HYDCR,HYDCR
HYDPR,HYDPR
IBPRF,IBPRF
INSRL,INSRL
INSRS,INSRS
LIPBM,LIPBM
MALMD,MALMD
RPMLK,RPMLK
MIFKT,MIFKT
MLVTM,MLVTM
ORHDS,ORHDS
PLANB,PLANB
SRTLZ,SRTLZ
SUNSC,SUNSC
THERM,THERM
